<?xml version="1.0" encoding="UTF-8"?>
<project-private xmlns="http://www.netbeans.org/ns/project-private/1">
    <editor-bookmarks xmlns="http://www.netbeans.org/ns/editor-bookmarks/2" lastBookmarkId="0"/>
    <open-files xmlns="http://www.netbeans.org/ns/projectui-open-files/2">
        <group>
            <file>file:/C:/Users/leoso/OneDrive%20-%20Instituto%20Federal%20de%20Educação,%20Ciência%20e%20Tecnologia%20de%20Goiás/Documents/NetBeansProjects/CCE/src/cce/CCE.java</file>
            <file>file:/C:/Users/leoso/OneDrive%20-%20Instituto%20Federal%20de%20Educação,%20Ciência%20e%20Tecnologia%20de%20Goiás/Documents/NetBeansProjects/CCE/src/view/Ccemain.java</file>
            <file>file:/C:/Users/leoso/OneDrive%20-%20Instituto%20Federal%20de%20Educação,%20Ciência%20e%20Tecnologia%20de%20Goiás/Documents/NetBeansProjects/CCE/src/view/CceCadastro.java</file>
            <file>file:/C:/Users/leoso/OneDrive%20-%20Instituto%20Federal%20de%20Educação,%20Ciência%20e%20Tecnologia%20de%20Goiás/Documents/NetBeansProjects/CCE/src/view/CceLogin.java</file>
            <file>file:/C:/Users/leoso/OneDrive%20-%20Instituto%20Federal%20de%20Educação,%20Ciência%20e%20Tecnologia%20de%20Goiás/Documents/NetBeansProjects/CCE/src/daoccs/DaoCadastro.java</file>
            <file>file:/C:/Users/leoso/OneDrive%20-%20Instituto%20Federal%20de%20Educação,%20Ciência%20e%20Tecnologia%20de%20Goiás/Documents/NetBeansProjects/CCE/src/model/Login.java</file>
            <file>file:/C:/Users/leoso/OneDrive%20-%20Instituto%20Federal%20de%20Educação,%20Ciência%20e%20Tecnologia%20de%20Goiás/Documents/NetBeansProjects/CCE/src/Connection/CceConnection.java</file>
        </group>
    </open-files>
</project-private>
